{
  "native_tps": 76798.24,
  "compat_cps": 93.04220798531678,
  "bpf_cps": 1942.5399202648193,
  "l2_rps": 2134.667324347796,
  "delta_vs_baseline": {
    "native_tps_pct": -2.1387256131251213,
    "compat_cps_pct": -15.061696768116938,
    "bpf_cps_pct": -13.560598761831924,
    "l2_rps_pct": 11.126972279886306
  }
}
